{
    "s1.hao123img.com/v4/MF/sX/RZ/Ip/dX/MFsXRZIpdX.js": {
        "etag": "\"3400162649\""
    },
    "a.tbcdn.cn/s/fdc/xwj.js?v=130605a": {
        "etag": ""
    },
    "a.tbcdn.cn/mw/base/libs/zepto/1.0.0/zepto.js": {
        "etag": ""
    },
    "bc.qunar.com/js/ga.min.js": {
        "etag": ""
    },
    "s.xnimg.cn/a65317/n/apps/login/login-v6.js": {
        "etag": ""
    },
    "tb1.bdstatic.com/tb/_/scroll_panel_6bcc3d38.js": {
        "etag": ""
    },
    "webmap0.map.bdimg.com/newmap/static/common/pkg/pano-panomodule-pkg_1436086.js": {
        "etag": "\"3961221270\""
    },
    "wapiknow.bdimg.com/static/common/pkg/stable_3868d9d.js": {
        "etag": "\"2770914733\""
    },
    "baike.bdimg.com/static/common/ui/redEnv/redEnv_42a1ca75.js": {
        "etag": "\"56183341\""
    },
    "static.wenku.bdimg.com/static/core/pkg/module_index_29e18a6c.js": {
        "etag": ""
    },
    "wap.baidu.com/static/news/webapp/webappandroid/js/webappandroid-aio_3e8949e.js": {
        "etag": "\"757817857\""
    },
    "music.baidu.com/static/j/6Y81z6FQ.js": {
        "etag": "\"3708405147\""
    },
    "vs9.bdstatic.com/static/video/webapp/js/index_1076f67.js": {
        "etag": "\"3339330055\""
    },
    "s4.qhimg.com/static/207ff1d8196d4070.js": {
        "etag": "\"52958782-c85\""
    },
    "js.sohu.com/pv/pvclick1211071116.js": {
        "etag": ""
    },
    "news.sohu.com/upload/2013/js/device1_4.js": {
        "etag": ""
    },
    "y1.ifengimg.com/p/login/20140312/index_main.js": {
        "etag": ""
    },
    "js.t.sinajs.cn/t5/register/js/page/login/bilogin.js?version=201404141103": {
        "etag": ""
    },
    "mopimg.cn/dc/tj.js": {
        "etag": "\"521f0b32-ced\""
    },
    "static.tianyaui.com/global/ty/TY.js": {
        "etag": ""
    },
    "static.tianyaui.com/global/ty/core/interface.js?_v=20141411": {
        "etag": ""
    },
    "js.tudouui.com/v3/dist/js/g_58.js": {
        "etag": ""
    },
    "mat1.gtimg.com/www/js/qq2012/suggestion_1.1.3_sogou.min.js": {
        "etag": ""
    },
    "mat1.gtimg.com/news/aber/2013/js/news2013_v1.0.2.js?201401020936": {
        "etag": ""
    },
    "img2.126.net/ntesrich/2014/0410/adControl-indexx-v1.0.2-0410.js": {
        "etag": ""
    },
    "www.gstatic.com/bg/742eRhjFnPi2Ra2I0NlcOOEAUQML1CPd7yU4qAFSdEM.js": {
        "etag": ""
    },
    "reg.163.com/js2/easyTools/tools.js?1397444644695": {
        "etag": ""
    },
    "reg.163.com/js/passport.js": {
        "etag": ""
    },
    "cdn.caipiao.163.com/caipiao/js2/easyCore.js?v=181298": {
        "etag": ""
    },
    "img2.126.net/icast/cr/2014/04/182960/39194/icast.js": {
        "etag": ""
    },
    "image.bitautoimg.com/dealer/union/script/ads.js": {
        "etag": ""
    },
    "tjs.sjs.sinajs.cn/open/widget/js/widget/show.js?ver=2c2045995f25b65f": {
        "etag": ""
    },
    "b.bst.126.net/pub/newIndex/bloghome/m-121.js?v=002": {
        "etag": ""
    },
    "s1.meituan.net/vendor/js/mta-min.v5acfcff8.js": {
        "etag": ""
    },
    "s.tankr.net/ajax/jquery.min.js": {
        "etag": ""
    },
    "s1.hao123img.com/v4/kN/Po/CX/pC/uH/kNPoCXpCuH.js": {
        "etag": "\"2334903513\""
    },
    "a.tbcdn.cn/s/fdc/??spm.js,spmact.js?v=140217": {
        "etag": ""
    },
    "a.tbcdn.cn/apps/tmm/s/hi/tmall/h5v2/js/search.js": {
        "etag": ""
    },
    "bmrg.qunar.com/js/bmrg.js": {
        "etag": ""
    },
    "s.xnimg.cn/a66302/n/core/base-all2.js": {
        "etag": ""
    },
    "tb1.bdstatic.com/tb/static-common/js/tb_ui_d9e2cfd5.js": {
        "etag": ""
    },
    "webmap1.map.bdimg.com/newmap/static/common/pkg/pano-fullscreen-pkg_c17e28c.js": {
        "etag": "\"2946199828\""
    },
    "wapiknow.bdimg.com/static/common/pkg/common_qb_e48a6f9.js": {
        "etag": "\"3846727084\""
    },
    "baike.bdimg.com/static/common/pkg/framework_0b1b7028.js": {
        "etag": "\"2946066113\""
    },
    "static.wenku.bdimg.com/static/core/ui/nsTypeMap/nsTypeMap_153ff067.js": {
        "etag": ""
    },
    "news.baidu.com/resource/js/usermonitor.js?v=1.1": {
        "etag": "\"9d6\""
    },
    "mu5.bdstatic.com/static/j/cvD8i2Os.js": {
        "etag": "\"3963240915\""
    },
    "vs8.bdstatic.com/static/video/webapp/js/main_7e2c1c0.js": {
        "etag": "\"4143985427\""
    },
    "s8.qhimg.com/!a04eed30/monitor131227.js": {
        "etag": "\"52bd537f-87c\""
    },
    "js.sohu.com/pv/spv1209061800.js": {
        "etag": ""
    },
    "news.sohu.com/upload/2013/js/jCalendar.js": {
        "etag": ""
    },
    "y1.ifengimg.com/3fd8ff7804b29498/2014/0116/20130924-AdSameFloatLayer.js": {
        "etag": ""
    },
    "s.tbcdn.cn/g/kissy/k/1.4.2/??event-min.js,event/custom-min.js,io-min.js,cookie-min.js,overlay-min.js,component/container-min.js,component/control-min.js,base-min.js,attribute-min.js,component/manager-min.js,xtemplate/runtime-min.js,component/extension/shim-min.js,component/extension/align-min.js,component/extension/content-xtpl-min.js,component/extension/content-render-min.js": {
        "etag": ""
    },
    "mopimg.cn/tj/dcq.js": {
        "etag": "\"4fd94c57-1615\""
    },
    "static.tianyaui.com/global/ty/stat/stat_20080313.js": {
        "etag": ""
    },
    "static.tianyaui.com/global/ty/io/cookie.js?_v=20140404": {
        "etag": ""
    },
    "js.tudouui.com/v3/dist/js/page/mobile/ch2/index_3.js": {
        "etag": ""
    },
    "mat1.gtimg.com/www/js/Koala/Koala.min.1.5.js": {
        "etag": ""
    },
    "mat1.gtimg.com/www/js/qq2012/suggestion.v1.0.2.js": {
        "etag": ""
    },
    "img1.126.net/channel4/015787/baidu640100_0338.html": {
        "etag": ""
    },
    "img1.126.net/channel4/html/960130_0126.html": {
        "etag": ""
    },
    "reg.163.com/js2/jquery-1.4.2-min.js?201207241140": {
        "etag": ""
    },
    "cdn.caipiao.163.com/caipiao/js2/jtip.js?1397444652475": {
        "etag": ""
    },
    "yuedu.bst2.126.net/assets/js/tabs.js?20140414110219": {
        "etag": ""
    },
    "b.bst.126.net/pub/newIndex/bloghome/nts.js?v=002": {
        "etag": ""
    },
    "s1.meituan.net/vendor/js/ag-min.v30c50824.js": {
        "etag": ""
    },
    "tjs.sjs.sinajs.cn/open/api/js/wb.js?appkey=43259970": {
        "etag": ""
    },
    "s1.hao123img.com/v4/Wf/AM/mz/SD/hf/WfAMmzSDhf.js": {
        "etag": "\"3937033369\""
    },
    "a.tbcdn.cn/s/kissy/gallery/??slide/1.2/index-min.js?t=-3329247292.js": {
        "etag": ""
    },
    "a.tbcdn.cn/apps/tmm/s/hi/tmall/h5v2/js/index.js?v=2516761719_465": {
        "etag": ""
    },
    "s.xnimg.cn/a60784/wap/touch/scripts/xn.min.home.js": {
        "etag": ""
    },
    "tb2.bdstatic.com/tb/mobile/sglobal/lib/lib_5714a90.js": {
        "etag": ""
    },
    "webmap1.map.bdimg.com/newmap/static/common/pkg/pano-guide-pkg_82163f1.js": {
        "etag": "\"1025208790\""
    },
    "wapiknow.bdimg.com/static/common/lib/mod_4a8b07f.js": {
        "etag": "\"1631212960\""
    },
    "baike.bdimg.com/static/common/lib/base_b0ae69b4.js": {
        "etag": "\"56119085\""
    },
    "static.wenku.bdimg.com/static/common/pkg/pkg_index_a92c4d24.js": {
        "etag": ""
    },
    "wap.baidu.com/static/news/webapp/gmu/gmu-aio_23144bf.js": {
        "etag": "\"1830576941\""
    },
    "mu5.bdstatic.com/st/js/libs/require.js?ver=1397126057350": {
        "etag": "\"2930498016\""
    },
    "vs9.bdstatic.com/static/video/webapp/js/common_3e2c0bc.js": {
        "etag": "\"1996495835\""
    },
    "s3.qhimg.com/static/9464f323eb1670c0.js": {
        "etag": "\"5295797a-98e\""
    },
    "sohu.wrating.com/a1.js": {
        "etag": ""
    },
    "y2.ifengimg.com/e01ed39fc2da5d4a/2014/0113/wrating.js": {
        "etag": ""
    },
    "s.tbcdn.cn/g/kissy/k/1.4.2/??node-min.js,dom/base-min.js,event/dom/base-min.js,event/base-min.js,event/dom/touch-min.js,event/dom/focusin-min.js,anim-min.js,anim/base-min.js,promise-min.js,anim/timer-min.js,anim/transition-min.js": {
        "etag": ""
    },
    "mopimg.cn/openjs/jquery-1.4.4.min.js": {
        "etag": "\"4ce60c48-13309\""
    },
    "static.tianyaui.com/global/ty/stat/stat_20080313.js?v=20144&_=1397444636612": {
        "etag": ""
    },
    "js.tudouui.com/v3/dist/js/lib_2.js": {
        "etag": ""
    },
    "jsqmt.qq.com/cdn_djl.js": {
        "etag": ""
    },
    "mat1.gtimg.com/news/js/boqiu/MI.js": {
        "etag": ""
    },
    "img1.126.net/channel4/015787/baidu300400.html": {
        "etag": ""
    },
    "wmcdn.allyes.com/adxcm_base_mm.htm": {
        "etag": ""
    },
    "reg.163.com/js2/easyCore.js?201401161007": {
        "etag": ""
    },
    "cdn.caipiao.163.com/caipiao/js2/login.js?1397444652475": {
        "etag": ""
    },
    "yuedu.bst2.126.net/assets/js/tplforindex.js?20140414110219": {
        "etag": ""
    },
    "s1.hao123img.com/v4/gL/Tv/CJ/gp/cd/gLTvCJgpcd.js": {
        "etag": "\"757751249\""
    },
    "a.tbcdn.cn/s/fdc/index-beacon.js?v=130918": {
        "etag": ""
    },
    "a.tbcdn.cn/apps/tmm/s/hi/tmall/h5v2/js/suggest.js": {
        "etag": ""
    },
    "s.xnimg.cn/a58518/n/apps/guide/js/combine/guide-step1-all-min.js": {
        "etag": ""
    },
    "tb2.bdstatic.com/tb/mobile/sglobal/lib/common_7a46322.js": {
        "etag": ""
    },
    "webmap1.map.bdimg.com/newmap/static/common/widget/pano/PanoLayoutManager/PanoLayoutManager_2040cd3.js": {
        "etag": "\"3944413574\""
    },
    "cdn.iknow.bdimg.com/static/home/pkg/module_ac45e3c.js": {
        "etag": "\"860447148\""
    },
    "baike.bdimg.com/static/mobile/wiki/pkg/index_e6bfc229.js": {
        "etag": "\"1636390413\""
    },
    "static.wenku.bdimg.com/static/common/lib/base_19226c46.js": {
        "etag": ""
    },
    "news.baidu.com/resource/js/news_zp_console.js": {
        "etag": "\"9c5\""
    },
    "mu6.bdstatic.com/static/j/peFcIZNf.js": {
        "etag": "\"4228405523\""
    },
    "vs1.bdstatic.com/browse_static/widget/index/module_static/module_static_c29b3255.js": {
        "etag": "\"4181253396\""
    },
    "s0.qhimg.com/lib/jquery/171.js": {
        "etag": "\"52957979-8105\""
    },
    "js.sohu.com/wrating20120726.js": {
        "etag": ""
    },
    "y0.ifengimg.com/ifeng/sources/130710-yingguang-v2.js": {
        "etag": ""
    },
    "s.tbcdn.cn/g/kissy/k/1.4.2/seed-min.js": {
        "etag": ""
    },
    "js.tudouui.com/v3/dist/js/m_3.js": {
        "etag": ""
    },
    "mat1.gtimg.com/www/js/qq2012/weatherNew_1.5.js": {
        "etag": ""
    },
    "mat1.gtimg.com/news/js/boqiu/core.js": {
        "etag": ""
    },
    "img1.126.net/channel4/html/baidu640100_1231.html": {
        "etag": ""
    },
    "wmcdn.allyes.com/adxcm_base.htm": {
        "etag": ""
    },
    "reg.163.com/js2/login.js?201401161007": {
        "etag": ""
    },
    "cdn.caipiao.163.com/caipiao/js2/easyTools/scroll.js?1397444652475": {
        "etag": ""
    },
    "tjs.sjs.sinajs.cn/open/analytics/js/suda.js": {
        "etag": ""
    },
    "s1.hao123img.com/v4/Rp/em/eI/Xf/nE/RpemeIXfnE.js": {
        "etag": "\"2326517081\""
    },
    "a.tbcdn.cn/apps/tmm/s/hi/tmall/h5v2/js/lazy.js": {
        "etag": ""
    },
    "s.xnimg.cn/a36267/js/register/register-xn6207-v6.js": {
        "etag": ""
    },
    "tb1.bdstatic.com/tb/_/interest_smiley_5c196d01.js": {
        "etag": ""
    },
    "webmap0.map.bdimg.com/newmap/static/common/widget/pano/PanoCopyrightModule/PanoCopyrightModule_c848527.js": {
        "etag": "\"4246403160\""
    },
    "wapiknow.bdimg.com/static/home/pkg/home_01de85f.js": {
        "etag": "\"1862944160\""
    },
    "baike.bdimg.com/static/mobile/wiki/pkg/gmu_common_c9687ea1.js": {
        "etag": "\"1836731021\""
    },
    "img.baidu.com/hunter/wenku.js?st=-16175": {
        "etag": "\"4057486519\""
    },
    "wap.baidu.com/static/news/webapp/common/js/common_rocket-aio_9349694.js": {
        "etag": "\"1633239597\""
    },
    "mu6.bdstatic.com/static/j/gbHKsuXj.js": {
        "etag": "\"755516373\""
    },
    "vs0.bdstatic.com/browse_static/widget/common/module_static/module_static_e99bca17.js": {
        "etag": "\"2854928653\""
    },
    "s0.qhimg.com/!d51918fb/switch.combo.js": {
        "etag": "\"52bc1da0-611\""
    },
    "js.sohu.com/library/jquery-1.7.1.min.js": {
        "etag": ""
    },
    "y0.ifengimg.com/ifeng/sources/121011-yingguang.js": {
        "etag": ""
    },
    "s.tbcdn.cn/s/fdc/??spm.js,spmact.js?v=140217": {
        "etag": ""
    },
    "js.tudouui.com/v3/dist/js/lite_1.js": {
        "etag": ""
    },
    "mat1.gtimg.com/www/js/qq2012/q_fin_4.2.1.js?ran=0.17506802431307733": {
        "etag": ""
    },
    "mat1.gtimg.com/news/js/boqiu/weirelay.js": {
        "etag": ""
    },
    "img2.126.net/ntesrich/auto/indexU/dlbox-index-v1.0.3-131230.js": {
        "etag": ""
    },
    "img1.126.net/channel7/temp/duilian_130628.js": {
        "etag": ""
    },
    "reg.163.com/js2/jtip.js?201401161007": {
        "etag": ""
    },
    "cdn.caipiao.163.com/caipiao/js2/game/game.js?v=181298": {
        "etag": ""
    },
    "yuedu.bst2.126.net/assets/js/jquery-1.6.1.min.js?20140414110219": {
        "etag": ""
    },
    "s0.hao123img.com/v4/Fn/tS/ik/yz/mc/FntSikyzmc.js": {
        "etag": "\"699125081\""
    },
    "a.tbcdn.cn/apps/tmm/s/hi/tmall/h5v2/js/slider.js": {
        "etag": ""
    },
    "s.xnimg.cn/n/apps/photo/modules/seed/photoSeed.js?r=1397444615290": {
        "etag": ""
    },
    "tb1.bdstatic.com/tb/static-props/component/guide/guide.js": {
        "etag": ""
    },
    "webmap0.map.bdimg.com/newmap/static/common/widget/pano/util_8d061ad.js": {
        "etag": "\"2921003154\""
    },
    "img.baidu.com/hunter/m/zhidao.js?st=-16175": {
        "etag": "\"3342357970\""
    },
    "baike.baidu.com/static/index/index/index_797ecdf9.js": {
        "etag": "\"1897520158\""
    },
    "static.wenku.bdimg.com/static/common/pkg/pkg_lib_d7dea67d.js": {
        "etag": ""
    },
    "wap.baidu.com/static/news/webapp/common/js/common_lib-aio_57075cf.js": {
        "etag": "\"1767656077\""
    },
    "img.baidu.com/hunter/musicmonkey.min.js": {
        "etag": "\"1340621778\""
    },
    "vs0.bdstatic.com/browse_static/widget/common/framework_static/framework_static_ebab6072.js": {
        "etag": "\"3088706067\""
    },
    "s0.qhimg.com/lib/qwrap/113.js": {
        "etag": "\"529576d9-4fc3\""
    },
    "click.wrating.com/c3.js": {
        "etag": ""
    },
    "js2.t.sinajs.cn/t4/apps/publicity/static/wbad.js?version=201404141103": {
        "etag": ""
    },
    "mat1.gtimg.com/news/js/boqiu/drag.js": {
        "etag": ""
    },
    "img1.126.net/channel1/html/mv_0531.html": {
        "etag": ""
    },
    "reg.163.com/js2/qrLogin.js?201401161007": {
        "etag": ""
    },
    "cdn.caipiao.163.com/caipiao/js2/popularize/sportsQuick201309/bet.js?v=181298": {
        "etag": ""
    },
    "js.t.sinajs.cn/STK/js/gaea_1_19.js?ver=2c2045995f25b65f": {
        "etag": ""
    },
    "s0.hao123img.com/v4/yt/ZV/Ds/Hy/Hp/ytZVDsHyHp.js": {
        "etag": "\"2730056912\""
    },
    "a.tbcdn.cn/apps/tmm/base/styles/component/slider/js/slider.js": {
        "etag": ""
    },
    "s.xnimg.cn/a12023/jspro/beacon.js": {
        "etag": ""
    },
    "tb1.bdstatic.com/tb/_/magic_props_92f9e90.js": {
        "etag": ""
    },
    "webmap0.map.bdimg.com/newmap/static/common/pkg/initmap_1da69ba.js": {
        "etag": "\"2393537220\""
    },
    "img.baidu.com/hunter/m/zhidao-mobilemonkey-20131209.js": {
        "etag": "\"2721831349\""
    },
    "baike.baidu.com/static/index/pkg/module_8ac76310.js": {
        "etag": "\"1645762008\""
    },
    "static.wenku.bdimg.com/static/common/pkg/pkg_comm_49900694.js": {
        "etag": ""
    },
    "static.tieba.baidu.com/tb/pms/wpo_ajax_pda.js?version=0.2": {
        "etag": ""
    },
    "vs0.bdstatic.com/browse_static/widget/common/base_js/base_js_407377a6.js": {
        "etag": "\"3088599323\""
    },
    "s0.qhimg.com/static/b88d72f0c47ca682.js": {
        "etag": "\"529576fd-996\""
    },
    "t2.wrating.com/a1.js": {
        "etag": ""
    },
    "s.tbcdn.cn/g/security/umscript/2.0.2/um.js": {
        "etag": ""
    },
    "mat1.gtimg.com/news/js/boqiu/share.js": {
        "etag": ""
    },
    "img2.126.net/ntesrich/auto/indexU/fcbox-index-v1.0.0-130422.js": {
        "etag": ""
    },
    "reg.163.com/js2/autoComplete.js?201401161007": {
        "etag": ""
    },
    "cdn.caipiao.163.com/caipiao/js2/popularize/sportsQuick201309/main.js?v=181298": {
        "etag": ""
    },
    "s1.hao123img.com/v4/wE/XU/Py/Sn/iQ/wEXUPySniQ.js": {
        "etag": "\"2981717712\""
    },
    "a.tbcdn.cn/s/fdc/lsproxy.js?v=20130106": {
        "etag": ""
    },
    "tb1.bdstatic.com/tb/static-common/component/picture_rotation/picture_rotation.js": {
        "etag": ""
    },
    "webmap0.map.bdimg.com/newmap/static/common/fis_resource_map_a27ec1c.js": {
        "etag": "\"3415917662\""
    },
    "img.baidu.com/hunter/alog/monkey.min.js": {
        "etag": "\"923391318\""
    },
    "baike.baidu.com/static/mobile/common/lib/base_08c0cd3d.js": {
        "etag": "\"2128268467\""
    },
    "img.baidu.com/hunter/wenkumonkey.min.js": {
        "etag": "\"3749267775\""
    },
    "news.baidu.com/resource/js/jquery-1.8.3.min.js": {
        "etag": "\"16dc5\""
    },
    "vs3.bdstatic.com/pc_static/open/record/bdv-record-min.js?v=194090": {
        "etag": "\"2330492282\""
    },
    "y3.ifengimg.com/sta_collection.3.3.10.min.js": {
        "etag": ""
    },
    "s.tbcdn.cn/apps/login/static/taobo/js/1.0.0/login/login.js": {
        "etag": ""
    },
    "mat1.qq.com/js/speed_v1.9-min.js": {
        "etag": ""
    },
    "img1.126.net/channel1/html/gh_column3.html": {
        "etag": ""
    },
    "reg.163.com/js2/common.js?201401161007": {
        "etag": ""
    },
    "cdn.caipiao.163.com/caipiao/js2/autoComplete.js?1397444652475": {
        "etag": ""
    },
    "s0.hao123img.com/v4/EA/oJ/aW/Gq/bb/EAoJaWGqbb.js": {
        "etag": "\"2772006548\""
    },
    "a.tbcdn.cn/apps/tmm/base/modules/lazyload/js/lazyload.js": {
        "etag": ""
    },
    "tb1.bdstatic.com/tb/pms/wpo.mpda.js?v=2.7": {
        "etag": ""
    },
    "map.baidu.com/mobile/simple/static/common/js/libs/common_lib_09dfa14.js": {
        "etag": "\"3678101118\""
    },
    "img.baidu.com/hunter/alog/alog.min.js": {
        "etag": "\"596235534\""
    },
    "img.baidu.com/hunter/m/baike.js?st=-16175": {
        "etag": "\"4097529933\""
    },
    "libs.baidu.com/jquery/1.7.0/jquery.js": {
        "etag": ""
    },
    "img.baidu.com/hunter/video.js?st=-16175": {
        "etag": "\"2909396146\""
    },
    "y3.ifengimg.com/58114ce5495e21c0/2013/0307/111028-sparta2.js": {
        "etag": ""
    },
    "js.t.sinajs.cn/open/analytics/js/suda.js?version=201404141103": {
        "etag": ""
    },
    "mat1.gtimg.com/news/js/boqiu/ui_2012111901.js": {
        "etag": ""
    },
    "img2.126.net/ntesrich/auto/adbox/adbox-v1.1.2-120705.js": {
        "etag": ""
    },
    "reg.163.com/js2/placeholder.js?201401161007": {
        "etag": ""
    },
    "cdn.caipiao.163.com/caipiao/js2/jquery-1.4.2.js?v=181298": {
        "etag": ""
    },
    "s0.hao123img.com/res/js/track.js?388179": {
        "etag": "\"4294596640\""
    },
    "a.tbcdn.cn/apps/tmm/base/libs/seajs/1.2.0/sea.js?v=2504262289_10051": {
        "etag": ""
    },
    "img.baidu.com/hunter/alog.min.js": {
        "etag": "\"596133231\""
    },
    "webmap0.map.bdimg.com/newmap/static/common/js/libs/mod_4575d0f.js": {
        "etag": "\"100391221\""
    },
    "img.baidu.com/hunter/alog/element.min.js": {
        "etag": "\"4078468257\""
    },
    "img.baidu.com/hunter/monkey.baike.min.js": {
        "etag": "\"2931739291\""
    },
    "news.baidu.com/resource/js/hx_finance_local.js": {
        "etag": "\"b5c2\""
    },
    "vs3.bdstatic.com/pc_static/open/suggestion/sug-high-min.js?v=194090": {
        "etag": "\"4182301176\""
    },
    "y3.ifengimg.com/2011/08/12/18400132.js": {
        "etag": ""
    },
    "mat1.gtimg.com/news/js/boqiu/artT.js": {
        "etag": ""
    },
    "l.bst.126.net/rsc/js/jquery-1.6.2.min.js": {
        "etag": ""
    }
}